{"inputUnits":[34],"outputUnits":2,"inputs":{"0":{"dtype":"number","min":37.4557206598174,"max":433.0920201946652},"1":{"dtype":"number","min":100.78697635881153,"max":186.0092954282407},"2":{"dtype":"number","min":87.18117161800987,"max":495.323964317872},"3":{"dtype":"number","min":64.77447866696363,"max":144.01737205698709},"4":{"dtype":"number","min":27.913403129949437,"max":412.50668769226667},"5":{"dtype":"number","min":66.45783957914534,"max":162.05334103827818},"6":{"dtype":"number","min":182.39055551748294,"max":588.332062659905},"7":{"dtype":"number","min":82.81275580036245,"max":193.09638962178667},"8":{"dtype":"number","min":9.175304390533626,"max":369.11036500689113},"9":{"dtype":"number","min":104.38497502436647,"max":201.6654574150695},"10":{"dtype":"number","min":215.427963524534,"max":670.7810215643275},"11":{"dtype":"number","min":295.8521581579138,"max":363.4244482326693},"12":{"dtype":"number","min":58.272649158975995,"max":333.55063276681284},"13":{"dtype":"number","min":339.77080135085197,"max":365.2889229400813},"14":{"dtype":"number","min":220.87447317023026,"max":667.6598145483065},"15":{"dtype":"number","min":306.20198924639067,"max":499.41586102193787},"16":{"dtype":"number","min":48.6276203475268,"max":280.74129071152},"17":{"dtype":"number","min":480.4625950268602,"max":553.635188468948},"18":{"dtype":"number","min":157.767669499269,"max":653.2451904772782},"19":{"dtype":"number","min":282.2263554801718,"max":496.2581579494662},"20":{"dtype":"number","min":96.11744782148513,"max":299.3606506593046},"21":{"dtype":"number","min":395.6932927479288,"max":539.3620796649776},"22":{"dtype":"number","min":206.1882027966237,"max":633.9789796944482},"23":{"dtype":"number","min":439.1018258293702,"max":556.200599001165},"24":{"dtype":"number","min":100.57499898572182,"max":339.24816655833814},"25":{"dtype":"number","min":518.2751250685307,"max":552.4842141432139},"26":{"dtype":"number","min":200.87450187341045,"max":615.4322267647607},"27":{"dtype":"number","min":458.85058546159235,"max":555.7249114573815},"28":{"dtype":"number","min":100.02908639740525,"max":336.07171577319764},"29":{"dtype":"number","min":524.0882323266934,"max":548.8928496303149},"30":{"dtype":"number","min":193.4149401926855,"max":599.5046388800846},"31":{"dtype":"number","min":491.4858669704861,"max":562.7060031704967},"32":{"dtype":"number","min":97.11601956313581,"max":336.14045914618356},"33":{"dtype":"number","min":552.9129325762594,"max":559.6572343554877}},"outputs":{"0":{"dtype":"string","min":0,"max":1,"uniqueValues":["q","w"],"legend":{"q":[1,0],"w":[0,1]}}},"isNormalized":true}